{
    "投票狀況": {
        "南竿鄉": {
            "介壽村": [
                {
                    "得票數": [
                        444,
                        547,
                        31
                    ],
                    "得票率": [
                        0.3030716723549488,
                        0.3733788395904437,
                        0.021160409556313993
                    ],
                    "投票所別": 1,
                    "有效票數": 1022,
                    "無效票數": 20,
                    "投票數": 1042,
                    "已領未投票數": 0,
                    "發出票數": 1042,
                    "用餘票數": 423,
                    "選舉人數": 1465,
                    "投票率": 0.7112999999999999
                }
            ],
            "復興村、福沃村": [
                {
                    "得票數": [
                        418,
                        446,
                        31
                    ],
                    "得票率": [
                        0.31334332833583206,
                        0.3343328335832084,
                        0.023238380809595203
                    ],
                    "投票所別": 2,
                    "有效票數": 895,
                    "無效票數": 27,
                    "投票數": 922,
                    "已領未投票數": 0,
                    "發出票數": 922,
                    "用餘票數": 412,
                    "選舉人數": 1334,
                    "投票率": 0.6912
                }
            ],
            "清水村、仁愛村、津沙村、馬祖村、珠螺村、四維村": [
                {
                    "得票數": [
                        541,
                        510,
                        52
                    ],
                    "得票率": [
                        0.31217541834968265,
                        0.2942873629544143,
                        0.030005770340450086
                    ],
                    "投票所別": 3,
                    "有效票數": 1103,
                    "無效票數": 20,
                    "投票數": 1123,
                    "已領未投票數": 0,
                    "發出票數": 1123,
                    "用餘票數": 610,
                    "選舉人數": 1733,
                    "投票率": 0.648
                }
            ]
        },
        "北竿鄉": {
            "塘岐村、后沃村、橋仔村": [
                {
                    "得票數": [
                        367,
                        242,
                        17
                    ],
                    "得票率": [
                        0.37410805300713557,
                        0.24668705402650357,
                        0.017329255861365953
                    ],
                    "投票所別": 4,
                    "有效票數": 626,
                    "無效票數": 6,
                    "投票數": 632,
                    "已領未投票數": 0,
                    "發出票數": 632,
                    "用餘票數": 349,
                    "選舉人數": 981,
                    "投票率": 0.6442
                }
            ],
            "芹壁村、里村、白沙村": [
                {
                    "得票數": [
                        158,
                        132,
                        3
                    ],
                    "得票率": [
                        0.33832976445396146,
                        0.2826552462526767,
                        0.006423982869379015
                    ],
                    "投票所別": 5,
                    "有效票數": 293,
                    "無效票數": 6,
                    "投票數": 299,
                    "已領未投票數": 0,
                    "發出票數": 299,
                    "用餘票數": 168,
                    "選舉人數": 467,
                    "投票率": 0.6403
                }
            ]
        },
        "莒光鄉": {
            "青帆村、田沃村、西坵村": [
                {
                    "得票數": [
                        109,
                        169,
                        5
                    ],
                    "得票率": [
                        0.19854280510018216,
                        0.30783242258652094,
                        0.009107468123861567
                    ],
                    "投票所別": 6,
                    "有效票數": 283,
                    "無效票數": 10,
                    "投票數": 293,
                    "已領未投票數": 0,
                    "發出票數": 293,
                    "用餘票數": 256,
                    "選舉人數": 549,
                    "投票率": 0.5337
                }
            ],
            "福正村、大坪村": [
                {
                    "得票數": [
                        126,
                        101,
                        5
                    ],
                    "得票率": [
                        0.3050847457627119,
                        0.24455205811138014,
                        0.012106537530266344
                    ],
                    "投票所別": 7,
                    "有效票數": 232,
                    "無效票數": 5,
                    "投票數": 237,
                    "已領未投票數": 0,
                    "發出票數": 237,
                    "用餘票數": 176,
                    "選舉人數": 413,
                    "投票率": 0.5738
                }
            ]
        },
        "東引鄉": {
            "中柳村、樂華村": [
                {
                    "得票數": [
                        365,
                        214,
                        24
                    ],
                    "得票率": [
                        0.4397590361445783,
                        0.25783132530120484,
                        0.02891566265060241
                    ],
                    "投票所別": 8,
                    "有效票數": 603,
                    "無效票數": 5,
                    "投票數": 608,
                    "已領未投票數": 0,
                    "發出票數": 608,
                    "用餘票數": 222,
                    "選舉人數": 830,
                    "投票率": 0.7325
                }
            ]
        }
    },
    "候選人": [
        [
            "1",
            "陳雪生",
            "無黨籍及未經政黨推薦"
        ],
        [
            "2",
            "曹爾忠",
            "中國國民黨"
        ],
        [
            "3",
            "陳財能",
            "無黨籍及未經政黨推薦"
        ]
    ],
    "選區": [
        "連江縣",
        null
    ]
}
